<?xml version="1.0" encoding="UTF-8"?>
<project-private xmlns="http://www.netbeans.org/ns/project-private/1">
    <editor-bookmarks xmlns="http://www.netbeans.org/ns/editor-bookmarks/2" lastBookmarkId="0"/>
    <open-files xmlns="http://www.netbeans.org/ns/projectui-open-files/2">
        <group>
            <file>file:/C:/Users/Dennis/Documents/NetBeansProjects/AdvSysProjFinal/src/advsysprojfinal/CalVBox.java</file>
            <file>file:/C:/Users/Dennis/Documents/NetBeansProjects/AdvSysProjFinal/src/advsysprojfinal/Appointment.java</file>
            <file>file:/C:/Users/Dennis/Documents/NetBeansProjects/AdvSysProjFinal/src/advsysprojfinal/DocVBox.java</file>
            <file>file:/C:/Users/Dennis/Documents/NetBeansProjects/AdvSysProjFinal/src/advsysprojfinal/DBConnector.java</file>
            <file>file:/C:/Users/Dennis/Documents/NetBeansProjects/AdvSysProjFinal/src/Appointment/AppointmentScheduler.java</file>
            <file>file:/C:/Users/Dennis/Documents/NetBeansProjects/AdvSysProjFinal/src/Appointment/AppointmentResult.java</file>
            <file>file:/C:/Users/Dennis/Documents/NetBeansProjects/AdvSysProjFinal/src/advsysprojfinal/AdvSysProjFinal.java</file>
            <file>file:/C:/Users/Dennis/Documents/NetBeansProjects/AdvSysProjFinal/src/Appointment/AppointmentCreator.java</file>
        </group>
    </open-files>
</project-private>
